0	img-20240116-142319-496.webp
1	finish-carpentry-cedar-closet-shelving-stained-sugar-land.webp
2	painted-kitchen-cabinets-sugar-land-portfolio.webp
3	bedroom-interior-painting-katy-tx-jpg.webp
4	324219646-726168142124057-8546963199353691647-n-167294.webp
5	cabinet-painting-sugar-land-the-proud-paintbrush-white-built-in-office-cabinets.webp
6	whatsapp-image-2025-06-23-at-07-31-45-4b951f27.webp
7	20241213-123225-173617.webp
8	img-20240416-111015-578.webp
9	limewash-fireplace-final-sugar-land-tx-1.webp
10	cabinet-painting-sugar-land-the-proud-paintbrush-classic-off-yellow-kitchen-cabinets.webp
11	cabinet-painting-sugar-land-the-proud-paintbrush-smooth-painted-bathroom-vanity.webp
12	nursery-painting-green-accent-wall-sugar-land.webp
13	kids-room-painting-sugar-land.webp
14	20240524-135837-171741.webp
15	interior-bedroom-feature-wall-painting-sugar-land-tx-jpg.webp
16	img-20240610-072346-456.webp
17	interior-painting-katy-tx.webp
18	bedroom-painting-soft-blue-sugar-land.webp
19	326103242-550592853689827-6054261472395874253-n.webp
20	blue-modern-accent-wall-painting-sugar-land.webp
21	20240603-154104.webp
22	interior-painting-houston-texas.webp
23	photo-2022-11-27-12-50-12.webp
24	office-painting-sugar-land-modern-home-office.webp
25	finish-carpentry-closet-shelving-painted-sugar-land.webp
26	custom-drywall-entertainment-center-sugar-land-angle-1.webp
27	custom-drywall-entertainment-center-sugar-land-angle-2.webp
28	fireplace-mantle-painting-sugar-land-portfolio.webp
29	living-room-interior-painting-high-ceilings-sugar-land.webp
30	20240917-154629-172857.webp
31	img-20240325-070958-794-0599cc.webp
32	2023-06-16-171016.webp
33	interior-painting-richmond-texas-3-170741.webp
34	img-20240127-101446-066.webp
35	460845198-122182802624197343-792285612972481217-n.webp
36	photo-2023-05-26-07-30-28-1e1e12.webp
37	white-interior-living-room-fireplace-sugar-land.webp
38	whatsapp-image-2025-07-21-at-07-22-48-ad559773.webp
39	img-20240506-061351-029-171499.webp
40	img-20240424-092223-312.webp