0	fence2-175128.webp
1	photo-2023-03-29-17-46-20.webp
2	fence-staining-sugar-land-the-proud-paintbrush-1.webp
3	deck-painting-sugar-land-balcony-the-proud-paintbrush.webp
4	stucco-home-exterior-painting-sugar-land-portfolio.webp
5	freshly-painted-exterior-house-front-sugar-land.webp
6	brick-house-exterior-painting-front-sugar-land.webp
7	photo-2023-03-29-17-49-56-169531.webp
8	fence-staining-sugar-land-the-proud-paintbrush-2.webp
9	bright-stucco-home-painting-sugar-land-portfolio-2a1fe4.webp
10	brick-house-painted-trim-sugar-land-portfolio.webp
11	exterior-pricing-sugar-land-large-stucco-house-optimized.webp
12	photo-2022-07-27-11-45-15.webp
13	photo-2025-04-23-11-50-14.webp
14	photo-2024-10-24-08-55-42-173101.webp
15	backyard-exterior-painting-sugar-land.webp
16	painted-exterior-front-brick-house-sugar-land.webp
17	xl5.webp
18	img-20240702-082031-186-171992.webp
19	photo-2022-06-23-22-23-50-c10795.webp
20	photo-2022-06-23-22-29-31-3-169531.webp
21	img-20240416-111015-460.webp
22	exterior-house-painting-sugar-land-texas-jpg-d4c168.webp
23	brick-exterior-house-painting-front-sugar-land.webp
24	richmond-exterior-house-painting-front-elevation-jpg.webp
25	photo-2023-02-11-22-31-24-172226.webp
26	two-story-exterior-house-painting-sugar-land-1356f3.webp
27	photo-2023-12-19-09-01-41-2c9e52.webp
28	fence-staining-sugar-land-the-proud-paintbrush-3.webp
29	modern-exterior-back-painting-sugar-land.webp
30	img-20240319-083039-117-171085.webp
31	photo-2023-05-30-09-51-44.webp
32	img-20231030-060807-463.webp
33	20220503-174936-1.webp
34	65476502-4d2b-44cd-8a87-5467cf217349-171622.webp