Top pages,Clicks,Impressions,CTR,Position
https://theproudpaintbrush.com/blog/-who-owns-behr-paint-company,300,105908,0.28%,2.98
https://theproudpaintbrush.com/blog/who-owns-benjamin-moore-paint-company,254,68179,0.37%,3.5
https://theproudpaintbrush.com/,215,7662,2.81%,16.52
http://theproudpaintbrush.com/,146,3525,4.14%,9.27
https://theproudpaintbrush.com/blog/is-behr-paint-good,142,10324,1.38%,5.68
https://theproudpaintbrush.com/blog/oil-or-latex-how-to-identify-your-trims-paint-like-a-pro,132,30709,0.43%,7.18
https://theproudpaintbrush.com/blog/ev5rl48r6sewhkhx3n6l9ycvlqiore,132,9378,1.41%,18.26
https://theproudpaintbrush.com/blog/which-exterior-paint-color-fades-the-fastest,91,9669,0.94%,5.95
https://theproudpaintbrush.com/blog/-whats-the-best-paint-brand-for-cabinets,81,33722,0.24%,14.59
https://theproudpaintbrush.com/blog/cost-to-paint-bathroom,46,14036,0.33%,5.86
https://theproudpaintbrush.com/blog/hll1sta1kz9wkoq5kv4p81vkfla0sf,43,5333,0.81%,3.52
https://theproudpaintbrush.com/blog/blog-post-title-four-xhrcm,42,26030,0.16%,10.01
https://theproudpaintbrush.com/exterior-painting/door-refinishing,42,2739,1.53%,17.17
https://theproudpaintbrush.com/pricing,40,8376,0.48%,11.7
https://theproudpaintbrush.com/blog/how-to-tell-if-paint-is-oil-based-or-latex-without-guessing,31,11306,0.27%,6.33
https://theproudpaintbrush.com/blog/best-exterior-paint-texas,30,2696,1.11%,6.44
https://theproudpaintbrush.com/blog/painting-vs-flooring-which-should-come-first-in-your-renovation,19,8250,0.23%,8.84
https://theproudpaintbrush.com/brick-painting,19,1576,1.21%,41.36
https://theproudpaintbrush.com/financing,16,3647,0.44%,20.86
https://theproudpaintbrush.com/careers,16,1175,1.36%,15.83
https://theproudpaintbrush.com/exterior-painting/brick-painting,15,1190,1.26%,16.27
https://theproudpaintbrush.com/employees,15,433,3.46%,2.79
https://theproudpaintbrush.com/our-story,14,2065,0.68%,19.38
https://theproudpaintbrush.com/color-consultation,14,2018,0.69%,20.08
https://theproudpaintbrush.com/paint-it-forward,14,907,1.54%,10.23
https://theproudpaintbrush.com/staining-lacquering-sealing,14,872,1.61%,68.32
https://theproudpaintbrush.com/paint-garage-doors,10,2582,0.39%,40.53
https://theproudpaintbrush.com/pricing/exterior-prices,10,2527,0.4%,20.69
https://theproudpaintbrush.com/preperation-process,10,27,37.04%,3.52
https://theproudpaintbrush.com/budget,9,630,1.43%,6.33
https://theproudpaintbrush.com/fence-staining,8,13251,0.06%,40.88
https://theproudpaintbrush.com/blog/lrv,8,1066,0.75%,9.1
https://theproudpaintbrush.com/exterior-painting/garage-door-painting,7,961,0.73%,25.1
https://theproudpaintbrush.com/testimonials,7,646,1.08%,6.81
https://theproudpaintbrush.com/exterior-brick,6,1123,0.53%,44.56
https://theproudpaintbrush.com/faq,6,396,1.52%,35.27
https://theproudpaintbrush.com/blog/crafting-harmony-exploring-warm-and-cool-interior-paint-colors,6,333,1.8%,12.27
https://theproudpaintbrush.com/painting-services/exterior-painting,6,307,1.95%,21.28
https://theproudpaintbrush.com/our-team,5,341,1.47%,13.76
https://theproudpaintbrush.com/painting-services/service-areas,4,7434,0.05%,32.91
https://theproudpaintbrush.com/blog/oh-no-rust-what-to-do-before-you-paint-over-rust,4,1842,0.22%,21.58
https://theproudpaintbrush.com/interior-painting/drywall-repair,4,1144,0.35%,23.74
https://theproudpaintbrush.com/blog/franchise-painters-vs-local-painters-in-sugar-land-the-real-customer-experience,4,937,0.43%,13.88
https://theproudpaintbrush.com/blog/should-you-paint-your-ceiling-the-same-color-as-the-walls,4,491,0.81%,10.76
https://theproudpaintbrush.com/blog/-whats-the-best-paint-for-cabinets,4,384,1.04%,3.43
https://theproudpaintbrush.com/interior-painting/staining-lacquering-sealing,4,244,1.64%,15.36
https://theproudpaintbrush.com/interior-painting/finish-carpentry,4,198,2.02%,23.73
https://theproudpaintbrush.com/project-expectations,4,45,8.89%,15.53
https://theproudpaintbrush.com/exterior-painting/stucco-maintenance/stucco-repairs,3,1136,0.26%,55.08
https://theproudpaintbrush.com/service-areas/sugar-land,3,1050,0.29%,11.91
https://theproudpaintbrush.com/core-values,3,994,0.3%,21.04
https://theproudpaintbrush.com/exterior-painting/fence-staining,3,579,0.52%,35.46
https://theproudpaintbrush.com/painting-services/interior-painting,3,188,1.6%,16.99
https://theproudpaintbrush.com/blog/5-red-flags-when-comparing-painting-companies-in-sugar-land,3,139,2.16%,7.84
https://theproudpaintbrush.com/blog/how-often-should-i-pay-my-interior,2,1827,0.11%,9.3
https://theproudpaintbrush.com/cabinet-painting,2,1701,0.12%,48.68
https://theproudpaintbrush.com/blog/when-is-the-best-time-to-paint-my-exterior,2,1307,0.15%,18.33
https://theproudpaintbrush.com/painting-services/portfolio,2,1045,0.19%,46.39
https://theproudpaintbrush.com/interior-painting/living-room-painting,2,565,0.35%,22.91
https://theproudpaintbrush.com/exterior-painting/exterior-painters,2,482,0.41%,28.95
https://theproudpaintbrush.com/exterior-painting/stucco-maintenance,2,464,0.43%,22.96
https://theproudpaintbrush.com/warranty,2,420,0.48%,12.29
https://theproudpaintbrush.com/service-areas/richmond,2,252,0.79%,20.69
https://theproudpaintbrush.com/blog/why-you-should-paint-your-stucco-before-its-too-late,2,221,0.9%,32.25
https://theproudpaintbrush.com/paintitforward,2,146,1.37%,18.69
https://theproudpaintbrush.com/service-areas/rosenberg,2,125,1.6%,5.82
https://theproudpaintbrush.com/checklist,2,55,3.64%,21.05
https://theproudpaintbrush.com/blog/why-professional-painters-dont-choose-paint-the-same-way-homeowners-do-1,2,28,7.14%,6.14
https://theproudpaintbrush.com/portfolio/interior-painting,2,14,14.29%,3.64
https://theproudpaintbrush.com/services,1,3413,0.03%,26.06
https://theproudpaintbrush.com/blog/the-one-paint-brand-that-never-lets-me-down,1,2128,0.05%,6.86
https://theproudpaintbrush.com/our-vision,1,1916,0.05%,23.32
https://theproudpaintbrush.com/exterior-painting/stucco-maintenance/stucco-painting,1,1586,0.06%,30.86
https://theproudpaintbrush.com/exterior-painting/vinyl-siding-painting,1,1346,0.07%,43.86
https://theproudpaintbrush.com/prep,1,1095,0.09%,66.51
https://theproudpaintbrush.com/service-areas/fulshear,1,916,0.11%,5.31
https://theproudpaintbrush.com/blog/painting-companies-with-over-20-video-testimonials-in-sugar-land-amp-greater-houston,1,708,0.14%,22.12
https://theproudpaintbrush.com/service-areas/katy,1,696,0.14%,13.94
https://theproudpaintbrush.com/interior-painting,1,557,0.18%,56.26
https://theproudpaintbrush.com/pricing/interior-prices,1,431,0.23%,12.66
https://theproudpaintbrush.com/painting-services,1,286,0.35%,18.53
https://theproudpaintbrush.com/portfolio,1,248,0.4%,34.3
https://theproudpaintbrush.com/painting-services/cabinet-painting,1,247,0.4%,17.24
https://theproudpaintbrush.com/blog/which-sugar-land-painter-has-the-best-warranty,1,232,0.43%,7.75
https://theproudpaintbrush.com/blog/what-is-a-normal-time-frame-for-interior-painting-projects,1,230,0.43%,11.21
https://theproudpaintbrush.com/interior-painting/accent-wall-painting,1,218,0.46%,27.43
https://theproudpaintbrush.com/blog/how-long-a-professional-paint-job-should-actually-last,1,209,0.48%,8.22
https://theproudpaintbrush.com/exterior-painting/prep,1,195,0.51%,53.18
https://theproudpaintbrush.com/blog/why-paint-jobs-fail-after-23-years-and-how-to-avoid-it,1,182,0.55%,6.09
https://theproudpaintbrush.com/commercial-portfolio,1,181,0.55%,2.99
https://theproudpaintbrush.com/blog/spray-or-brush-everything-you-need-to-know,1,174,0.57%,15.63
https://theproudpaintbrush.com/blog/what-matters-more-paint-brand-or-prep-work,1,165,0.61%,5.09
https://theproudpaintbrush.com/service-areas/missouri-city,1,100,1%,8.2
https://theproudpaintbrush.com/blog/is-painting-before-selling-your-home-actually-worth-it,1,94,1.06%,29.99
https://theproudpaintbrush.com/blog/why-professional-painters-dont-choose-paint-the-same-way-homeowners-do,1,87,1.15%,7.54
https://theproudpaintbrush.com/blog/should-i-buy-the-paint-myself,1,65,1.54%,9.06
https://theproudpaintbrush.com/blog/heres-a-quick-way-to-sell-your-house-for-5000-more,1,58,1.72%,19.26
https://theproudpaintbrush.com/blog/stucco-vs-brick,1,51,1.96%,11.82
https://theproudpaintbrush.com/patio-sealing,1,44,2.27%,26.68
https://theproudpaintbrush.com/painting-services/portfolio/interior-painting,1,34,2.94%,23.41
https://theproudpaintbrush.com/blog/when-hiring-a-professional-painter-in-houston-consider-the-following-factors,1,32,3.12%,11.59
https://theproudpaintbrush.com/employees/forms,1,6,16.67%,18.33
https://theproudpaintbrush.com/blog/paint-it-forward-a-community-painting-project-in-sugar-land,1,5,20%,4.4
https://theproudpaintbrush.com/blog/exterior-painting-prices,0,1066,0%,8.36
https://theproudpaintbrush.com/exterior-painting,0,785,0%,55.83
https://theproudpaintbrush.com/blog,0,675,0%,38
https://theproudpaintbrush.com/blog/paint-my-fence,0,500,0%,67.89
https://theproudpaintbrush.com/service-areas/southwest-houston,0,460,0%,26.02
https://theproudpaintbrush.com/blog/to-prime-or-not-to-prime,0,444,0%,10.31
https://theproudpaintbrush.com/interior-painting/office-painting,0,415,0%,33.39
https://theproudpaintbrush.com/interior-painting/kitchen-painting,0,415,0%,41.47
https://theproudpaintbrush.com/blog/tag/houston painter,0,364,0%,61.46
https://theproudpaintbrush.com/exterior-painting/fiber-cement-siding-painting,0,355,0%,62.46
https://theproudpaintbrush.com/interior-painting/wall-painting,0,350,0%,49.25
https://theproudpaintbrush.com/service-areas,0,306,0%,23.41
https://theproudpaintbrush.com/railings,0,275,0%,57.55
https://theproudpaintbrush.com/painting-vinyl-siding,0,261,0%,67.57
https://theproudpaintbrush.com/blog/the-heartfelt-story-behind-the-proud-paintbrush,0,260,0%,38.13
https://theproudpaintbrush.com/interior-painting/bedroom-painting,0,256,0%,41.66
https://theproudpaintbrush.com/exterior-painting/deck-painting-and-staining,0,218,0%,30.86
https://theproudpaintbrush.com/our-team-1,0,218,0%,39.51
https://theproudpaintbrush.com/painting-services/residential-painters,0,211,0%,22.16
https://theproudpaintbrush.com/exterior-painters-sugar-land,0,192,0%,34.33
https://theproudpaintbrush.com/service-areas/west-houston,0,169,0%,26.41
https://theproudpaintbrush.com/blog/re0coari0bpmqn5bkrghkaq6n53ix6,0,165,0%,12.4
https://theproudpaintbrush.com/blog/what-happens-if-you-skip-primer,0,155,0%,9.61
https://theproudpaintbrush.com/painting-services/portfolio/exterior-painting,0,155,0%,29.43
https://theproudpaintbrush.com/blog/how-to-hurricane-proof-your-exterior,0,154,0%,19.14
https://theproudpaintbrush.com/exterior-painting/exterior-house-painters,0,153,0%,16.23
https://theproudpaintbrush.com/blog/this-is-why-your-paint-is-fading,0,153,0%,16.77
https://theproudpaintbrush.com/interior-painting/millwork-painting,0,141,0%,36.69
https://theproudpaintbrush.com/interior-painting/ceiling-painting,0,135,0%,53.89
https://theproudpaintbrush.com/stucco-maintenance,0,131,0%,69.61
https://theproudpaintbrush.com/pressure-washing,0,128,0%,78.75
https://theproudpaintbrush.com/interior-prices,0,122,0%,7.6
https://theproudpaintbrush.com/corevalues,0,115,0%,6.36
https://theproudpaintbrush.com/blog/proper-paint-disposal-a-guide-for-responsible-homeowners,0,115,0%,15.3
https://theproudpaintbrush.com/residential-painters,0,110,0%,21.45
https://theproudpaintbrush.com/interior-painting/hallway-and-staircase-painting,0,107,0%,57.37
https://theproudpaintbrush.com/exterior-painting/pressure-washing,0,99,0%,25.56
https://theproudpaintbrush.com/sitemap,0,94,0%,41.74
https://theproudpaintbrush.com/blog/everything-you-need-to-know-about-how-much-it-costs-to-paint-a-room-in-sugar-land,0,93,0%,8.04
https://theproudpaintbrush.com/interior-painting/bathroom-painting,0,92,0%,31.38
https://theproudpaintbrush.com/blog/when-is-the-best-time-to-paint-my-interior,0,89,0%,57.79
https://theproudpaintbrush.com/blog/understanding-undertones,0,83,0%,19.94
https://theproudpaintbrush.com/blog/how-much-should-you-really-pay-for-bedroom-painting,0,73,0%,11.37
https://theproudpaintbrush.com/exterior-house-painter,0,67,0%,27.07
https://theproudpaintbrush.com/blog/should-you-paint-trim-the-same-color-as-the-walls,0,65,0%,39.32
https://theproudpaintbrush.com/preperation-process/exterior,0,58,0%,7.62
https://theproudpaintbrush.com/interior-painting/dining-room-painting,0,58,0%,38.31
https://theproudpaintbrush.com/pricing/cabinet-prices,0,54,0%,10.13
https://theproudpaintbrush.com/blog/tag/interior painting,0,50,0%,61.74
https://theproudpaintbrush.com/blog/the-truth-about-interior-painting-prices,0,46,0%,15.67
https://theproudpaintbrush.com/preperation-process/interior,0,44,0%,8.23
https://theproudpaintbrush.com/blog/qtzdhzuvu422ivwrb8v6jqa41989nu,0,40,0%,9.15
https://theproudpaintbrush.com/blog/unlocking-the-5-color-psychology-secrets,0,39,0%,15.46
https://theproudpaintbrush.com/blog/what-questions-should-i-be-asking-my-painting-contractor,0,38,0%,12.79
https://theproudpaintbrush.com/wall-painting,0,36,0%,12.69
https://theproudpaintbrush.com/blog/diy-vs-professional-painting-when-to-hire-a-pro,0,34,0%,9.79
https://theproudpaintbrush.com/blog/10-things-professional-painters-should-do-on-every-interior-but-many-dont,0,33,0%,8.36
https://theproudpaintbrush.com/blog/blog-post-title-three-dtyfg,0,32,0%,9.5
https://theproudpaintbrush.com/blog/here-is-a-quick-way-to-understand-paint-sheens,0,31,0%,60.58
https://theproudpaintbrush.com/portfolio/exterior-painting,0,25,0%,6.24
https://theproudpaintbrush.com/blog/what-really-drives-the-cost-of-interior-painting-without-talking-prices,0,23,0%,7.78
https://theproudpaintbrush.com/blog/66tvq5hwbxr26tk5zafy5zc2dxqt0s,0,23,0%,32.78
https://theproudpaintbrush.com/blog/f5o7v4ayzmbn2dcyewyv6ciuone5hx,0,21,0%,18.1
https://theproudpaintbrush.com/interior-painting/nursery-painting,0,21,0%,31.86
https://theproudpaintbrush.com/interior-painting/brick-painting,0,20,0%,23
https://theproudpaintbrush.com/exterior-painting/railings,0,18,0%,39.56
https://theproudpaintbrush.com/blog/exterior-painting-its-all-about-prep,0,17,0%,6.59
https://theproudpaintbrush.com/blog/rfsxbwm1wuox5icg7tco32z3zgzgux,0,16,0%,11.31
https://theproudpaintbrush.com/blog/the-power-of-strategic-color-in-each-room,0,14,0%,5
https://theproudpaintbrush.com/interior-painting/kids-room-painting,0,13,0%,21.15
https://theproudpaintbrush.com/blog/warning-not-all-quotes-are-created-equal,0,12,0%,11.92
https://theproudpaintbrush.com/blog/should-you-paint-yourself-or-hire-a-pro-a-clear-decision-guide,0,12,0%,22.17
https://theproudpaintbrush.com/employees/training,0,11,0%,12.18
https://theproudpaintbrush.com/blog/have-a-professional-interior-paint-job-you-can-be-proud-of,0,11,0%,24.18
https://theproudpaintbrush.com/blog/this-is-why-your-paint-failed,0,10,0%,14.7
https://theproudpaintbrush.com/blog/the-ultimate-guide-for-when-to-paint,0,8,0%,11.25
https://theproudpaintbrush.com/blog/the-secret-to-a-cohesive-beautiful-home-a-pro-color-consult,0,8,0%,38.88
https://theproudpaintbrush.com/blog/the-ultimate-guide-to-price-painting-your-home,0,7,0%,8.43
https://theproudpaintbrush.com/blog/say-goodbye-to-grains-aqua-coats-jaw-dropping-transformation-of-cabinets,0,6,0%,7.5
https://theproudpaintbrush.com/blog/tag/houston local business,0,6,0%,15
https://theproudpaintbrush.com/blog/cicpzh2q9ju9mp7a9ybdj823fk24zn,0,6,0%,24.33
https://www.theproudpaintbrush.com/blog/who-owns-benjamin-moore-paint-company,0,4,0%,1
https://theproudpaintbrush.com/blog/stop-before-you-paint-your-exterior-read-this,0,4,0%,8
https://theproudpaintbrush.com/blog/tag/hosuton painter,0,3,0%,10.33
https://theproudpaintbrush.com/blog/tag/locally owned and operated,0,3,0%,26.33
https://theproudpaintbrush.com/blog/prepitright,0,2,0%,7
https://theproudpaintbrush.com/blog/honoring-homes-painting-with-respect,0,2,0%,9.5
https://theproudpaintbrush.com/blog/tag/sugar land painter,0,2,0%,39.5
https://www.theproudpaintbrush.com/blog/-who-owns-behr-paint-company,0,1,0%,1
https://www.theproudpaintbrush.com/blog/who-owns-behr-paint-company,0,1,0%,1
https://theproudpaintbrush.com/blog/9-keys-to-a-perfect-accent-wall,0,1,0%,10
https://theproudpaintbrush.com/blog/colors-to-paint-your-house-for-2023,0,1,0%,11