Top queries,Clicks,Impressions,CTR,Position
the proud paintbrush,220,702,31.34%,1.96
behr paint,89,4736,1.88%,2.88
who owns benjamin moore paint,23,1919,1.2%,3.03
who makes behr paint,19,2468,0.77%,2.75
is behr paint good,17,2674,0.64%,5.99
who owns behr paint,12,2327,0.52%,2.57
behr,9,2024,0.44%,3
who owns benjamin moore,9,1441,0.62%,4.02
who makes benjamin moore paint,8,1171,0.68%,3.28
who makes behr paint for home depot,8,538,1.49%,2.35
who owns behr paint company,5,408,1.23%,3.06
who makes home depot paint,5,129,3.88%,2.19
bear paint,4,205,1.95%,3.08
latex trim paint,3,305,0.98%,8.04
does sherwin williams own benjamin moore,3,262,1.15%,2.07
is behr a good paint brand,3,251,1.2%,6.15
behr paint owner,3,235,1.28%,2.42
benjamin moore,2,1688,0.12%,2.41
benjamin moore near me,2,1004,0.2%,1.62
cost to paint a bathroom,2,551,0.36%,10.09
best paint brand for cabinets,2,419,0.48%,8.63
behr paint reviews,2,376,0.53%,3.85
masco,2,357,0.56%,1.66
best exterior paint for texas heat,2,234,0.85%,9.79
is behr good paint,2,230,0.87%,6.39
does home depot own behr paint,2,199,1.01%,2.4
best kitchen cabinet paint,2,180,1.11%,11.07
does home depot own behr,2,177,1.13%,1.95
paint it forward,2,170,1.18%,16
behr paint vs sherwin williams,2,119,1.68%,1.79
cabinet paint brands,2,111,1.8%,10.58
behr paint manufacturer,2,93,2.15%,4.67
does lowes sell behr paint,2,59,3.39%,1.59
is behr paint owned by home depot,2,53,3.77%,2.75
where is benjamin moore paint made,2,35,5.71%,27.71
yes,2,32,6.25%,3.78
how to tell if old paint is oil based,2,29,6.9%,5.62
front door refinishing near me,2,27,7.41%,9.63
behr paint home depot price,2,18,11.11%,4
heirloom cabinet paint reviews,2,13,15.38%,3.46
who sells benjamin moore paint,1,1696,0.06%,1.08
best paint for cabinets,1,1414,0.07%,48.6
cost to paint bathroom,1,1035,0.1%,18.58
who sells behr paint,1,971,0.1%,1.36
how much to paint a bathroom,1,875,0.11%,18.37
best cabinet paint,1,840,0.12%,26.67
is behr paint only sold at home depot,1,559,0.18%,5.21
labor cost to paint a small bathroom,1,490,0.2%,16.68
benjamin moore owner,1,450,0.22%,4.39
behr paint near me,1,429,0.23%,1.92
how to tell if paint is latex or oil,1,427,0.23%,7.28
best cabinet paint brand,1,345,0.29%,11.05
sherwin williams,1,323,0.31%,3.64
best brand of paint for kitchen cabinets,1,314,0.32%,25.4
cost to paint a small bathroom,1,277,0.36%,13.42
benjamin moore paint,1,275,0.36%,2.68
is behr a good paint,1,259,0.39%,5.93
is behr paint exclusive to home depot,1,231,0.43%,5
who carries behr paint,1,223,0.45%,1.37
is behr owned by home depot,1,214,0.47%,2.29
who manufactures behr paint,1,212,0.47%,3.23
sugar land house painters,1,211,0.47%,14.58
cost to paint small bathroom,1,210,0.48%,10.23
benjamin moore ownership,1,207,0.48%,3.15
who owns benjamin moore paints,1,206,0.49%,3.04
behr paint home depot,1,204,0.49%,3.38
benjamin moore paint near me,1,201,0.5%,1.48
is behr only sold at home depot,1,152,0.66%,3.07
behr paint quality,1,147,0.68%,5.99
best paint brand for kitchen cabinets,1,147,0.68%,13.59
average cost to paint bathroom,1,144,0.69%,10.12
behr parent company,1,143,0.7%,3.03
who owns behr paints,1,143,0.7%,3.14
how to tell if trim is oil or latex,1,117,0.85%,6.2
behr paint colors,1,112,0.89%,4.39
how much does it cost to paint bathroom cabinets,1,108,0.93%,8.38
sherwin williams cabinet paint,1,107,0.93%,1.16
sherwin williams near me,1,107,0.93%,2.41
behr paints,1,107,0.93%,3.32
how to tell if oil or latex paint,1,105,0.95%,11.76
is trim paint oil based,1,103,0.97%,8.06
how to tell what type of paint was used,1,100,1%,6.74
is benjamin moore owned by sherwin williams,1,97,1.03%,3.05
is behr exclusive to home depot,1,96,1.04%,4.59
what colors fade the most in sunlight,1,85,1.18%,8.24
front door refinishing,1,84,1.19%,9.24
how to tell if paint is latex or water based,1,78,1.28%,5.55
how much does it cost to get a bathroom painted,1,75,1.33%,8.67
behr paint review,1,71,1.41%,7.59
painter near me,1,71,1.41%,16.04
best cabinet paint 2025,1,69,1.45%,5.97
best cabinet paint canada,1,68,1.47%,9.29
benjamin moore stock price,1,61,1.64%,2.2
is benjamin moore publicly traded,1,55,1.82%,1.96
who makes behr paints,1,55,1.82%,4.25
bher paint,1,54,1.85%,2.83
garage door painters near me,1,54,1.85%,52.98
behr paint ceo,1,51,1.96%,3.57
is behr paint bad,1,48,2.08%,3.62
best brand paint for kitchen cabinets,1,46,2.17%,18.7
what color exterior paint lasts longest,1,45,2.22%,5.31
behr holdings corporation,1,41,2.44%,7.54
behr ceo,1,40,2.5%,1.3
cost of painting bathroom,1,40,2.5%,14.18
best paint for kitchen cupboards,1,33,3.03%,13.73
house painters near me exterior,1,24,4.17%,80.42
benjamin moore paint vs behr,1,23,4.35%,2
warren buffett benjamin moore,1,22,4.55%,3.36
how to tell if your walls are painted with oil or latex,1,21,4.76%,6.86
house painting payment plan,1,20,5%,45.35
behr canada,1,19,5.26%,2.84
interior painters near me,1,19,5.26%,7.84
benjamin moore head office,1,18,5.56%,1.06
painter,1,17,5.88%,3.71
behr marquee paint,1,16,6.25%,2.75
best interior paint brand,1,16,6.25%,2.88
behr exterior paint reviews,1,15,6.67%,2.73
bahr paint,1,15,6.67%,2.8
the painted brush,1,15,6.67%,4.8
how much does it cost to repaint a bathroom,1,15,6.67%,11.6
behr paint any good,1,13,7.69%,7.08
what brand of paint does home depot have,1,12,8.33%,1.08
front door restoration,1,11,9.09%,12.55
history of behr paint,1,10,10%,9
megan selby behr,1,9,11.11%,2.78
behr oaint,1,9,11.11%,3
benjamin moore cabinet paint,1,9,11.11%,3
home depot behr paint prices,1,9,11.11%,3.11
dan calkins,1,9,11.11%,4.78
is behr paint expensive,1,8,12.5%,1.25
front door refinish,1,8,12.5%,17.38
peinture behr prix,1,7,14.29%,2.14
which behr paint is best,1,7,14.29%,13.29
does home depot have benjamin moore,1,6,16.67%,1
interior paint color consultant near me,1,6,16.67%,1.33
peinture behr où acheter,1,6,16.67%,2.17
how much is behr paint per gallon,1,6,16.67%,2.5
benjamin moore advance cabinet paint,1,6,16.67%,2.67
bear brand paint,1,6,16.67%,3
centurion cabinet paint,1,6,16.67%,3.83
door polishing near me,1,6,16.67%,5.33
benjamin,1,5,20%,1.2
behr marquee vs sherwin williams,1,5,20%,2.4
behr paint heath ohio,1,5,20%,5.4
paint companies near me,1,5,20%,9.6
heidi petz,1,4,25%,2.5
price of behr paint at home depot,1,4,25%,2.5
what are oil based paints,1,4,25%,3
behr paint representative,1,4,25%,3.25
mahle behr,1,4,25%,3.5
who owns rustoleum,1,4,25%,5.5
ppg paint vs behr,1,3,33.33%,1.33
benhamin moore,1,3,33.33%,2.33
pittsburgh paints near me,1,3,33.33%,2.33
gallery series cabinet paint,1,3,33.33%,2.67
house painting houston,1,3,33.33%,109.33
pintura para interior de casa,1,2,50%,2
behr ultra pure white,1,2,50%,2.5
behr bathroom paint,1,2,50%,3
cloverdale paint,1,2,50%,3
gallon of behr paint cost,1,2,50%,3
behr garden vista,1,2,50%,3.5
shoelace behr,1,2,50%,3.5
djia stock price today,1,2,50%,4
exterior home painters near me,1,2,50%,22
consumer reports behr paint,1,1,100%,1
德州,1,1,100%,1
benjamin moore oshawa,1,1,100%,2
benjamin moore primer 5 gallon,1,1,100%,2
cara menghilangkan cat rambut dalam 1 hari,1,1,100%,2
paint for kitchen cupboards b&q,1,1,100%,2
ppg dulux,1,1,100%,2
pratt & lambert paint near me,1,1,100%,2
v33 cupboard paint,1,1,100%,2
what is a good paint,1,1,100%,2
behr blueprint (s470-5),1,1,100%,3
behr taupe,1,1,100%,3
benjamin moore montreal,1,1,100%,3
benjamin moore swatches,1,1,100%,3
beyond paint bad reviews,1,1,100%,3
how often can you get laser tattoo removal,1,1,100%,3
is dulux paint canadian,1,1,100%,3
what is the best paint brand in canada,1,1,100%,3
who owns rust-oleum,1,1,100%,3
"behr masonry, stucco and brick paint review",1,1,100%,4
cheap oil paints,1,1,100%,4
manor hall exterior paint,1,1,100%,4
paint garden riverside,1,1,100%,4
superdeck solid stain,1,1,100%,4
house painting jobs near me,1,1,100%,5
best quality indoor paint,1,1,100%,6
carta de colores behr para exterior,1,1,100%,6
front door finishing,1,1,100%,12
tito perez painting,1,1,100%,12
sherwin williams acquisitions,1,1,100%,13
gemini coatings locations,1,1,100%,14
finance paint,0,1659,0%,7.1
how much does it cost to paint a bathroom,0,1040,0%,15.53
how to tell if paint is oil based,0,996,0%,3.6
best paint for kitchen cabinets,0,922,0%,44.16
paint brands,0,812,0%,1.19
best cabinet paints,0,686,0%,47.66
benjamin moore paint stores menlo park california,0,641,0%,6.19
how to tell if paint is oil or latex,0,629,0%,9.56
where to buy benjamin moore paint,0,613,0%,1.22
what are the top-rated cabinet paints in 2025?,0,572,0%,6.62
who is benjamin moore,0,566,0%,6.68
painters near me,0,537,0%,14.4
cost to paint bathroom cabinets,0,511,0%,13.75
top-rated cabinet paints 2025,0,498,0%,7.44
stucco painting,0,479,0%,9.37
painters in sugar land tx,0,479,0%,13.59
house painters near me,0,463,0%,18.13
door refinishing,0,459,0%,32.12
behr company financial report digital strategy 2025,0,458,0%,3.29
paintbrush,0,449,0%,8.72
how much does it cost to paint a small bathroom,0,430,0%,10
painted brick homes services,0,430,0%,10.72
painting services sugar land,0,422,0%,13.47
who owns behr,0,421,0%,3.26
deck staining houston,0,419,0%,72.86
fence stainers,0,412,0%,32.21
home depot paint brands,0,392,0%,1.55
where to buy behr paint,0,373,0%,1.38
exterior painting financing,0,373,0%,43.95
exterior painting texas,0,363,0%,12.22
cabinet painting,0,360,0%,42.57
cost to repaint bathroom,0,353,0%,17.04
garage door painters,0,342,0%,42.91
exterior painting houston,0,340,0%,72.71
fence staining and sealing,0,337,0%,52.43
behr company financial report digital strategy 2026,0,334,0%,4.82
fence staining houston,0,334,0%,10.32
behr vs sherwin williams,0,329,0%,1.36
vinyl siding painting services,0,326,0%,85.41
painting company,0,324,0%,14.15
what is the best paint for kitchen cabinets,0,318,0%,43.61
where is benjamin moore paint sold,0,314,0%,4.38
how much to paint a small bathroom,0,310,0%,10.25
benjamin moore parent company,0,305,0%,3.98
garage door painting houston tx,0,296,0%,8.73
is behr home depot brand,0,292,0%,2.39
behr paint company founded,0,289,0%,16.13
paint before or after renovation,0,282,0%,11.24
cabinet painting houston,0,277,0%,45.69
paint contractors near me,0,275,0%,37.68
best paint for refinishing cabinets,0,270,0%,49.64
stucco painting houston,0,261,0%,55.15
is behr a home depot brand,0,254,0%,2.64
what paint brands does home depot carry,0,253,0%,1.03
average cost to paint a bathroom,0,252,0%,10.39
sugar land painting company,0,250,0%,16.1
sugar land tx painters,0,245,0%,11.45
where behr paint is sold,0,241,0%,2.95
best paint for kitchen cabinet refinishing 2025,0,241,0%,8.8
best exterior house paint,0,239,0%,12.49
fulshear painting services,0,239,0%,48.45
professional cabinet paint,0,228,0%,31.11
exterior painter,0,222,0%,9.18
what paint brands offer the best finish for cabinets?,0,220,0%,7.1
garage door painter,0,220,0%,55.18
behr company,0,218,0%,2.47
bathroom painting cost,0,217,0%,14.27
what brand of paint does home depot carry,0,216,0%,1.01
sugar land commercial painting,0,216,0%,13.68
leading brands for durable cabinet coatings,0,215,0%,7.42
painting service,0,214,0%,9.41
how to tell if paint is oil based or latex,0,214,0%,10.28
sugar land painters,0,210,0%,11.78
garage door painting service,0,207,0%,19.57
behr paint parent company,0,206,0%,3.67
house painting financing,0,206,0%,57.1
"fence staining houston, tx",0,205,0%,11.82
painters in richmond tx,0,205,0%,47.51
sugar land painting services,0,200,0%,13.3
behr paint products,0,199,0%,5.46
fulshear house painters,0,199,0%,43.06
top rated cabinet paints 2025,0,198,0%,6.69
cost to paint bathroom vanity,0,196,0%,9.11
siding painting,0,195,0%,46.07
home depot sherwin williams,0,194,0%,1.05
missouri city painters,0,194,0%,54.09
painting services near me,0,191,0%,21.61
how much to paint small bathroom,0,190,0%,12.36
"garage painting houston, tx",0,190,0%,24.35
garage door painting (lp),0,190,0%,60.03
paint brands at home depot,0,189,0%,1.03
sugar land residential painting,0,188,0%,12.47
benjamin moore berkshire hathaway,0,185,0%,6.5
labor cost to paint a bathroom,0,182,0%,28.81
fence staining and sealing spring tx,0,182,0%,47.69
fulshear tx painters,0,181,0%,50.99
best exterior paint brands 2025,0,180,0%,7.29
behr paint company,0,179,0%,3.58
does sherwin williams sell benjamin moore paint,0,178,0%,1.1
can you paint over rust,0,178,0%,36.75
sherwin williams vs behr,0,176,0%,1.24
how to know if paint is oil based,0,174,0%,5.33
why do painters prefer sherwin williams paint,0,173,0%,22.68
who carries benjamin moore paint,0,171,0%,1.28
benjamin moore stock,0,171,0%,3.82
brands of paint for cabinets,0,171,0%,17.69
does home depot sell benjamin moore paint,0,170,0%,1.6
where is behr paint sold,0,170,0%,4.91
proper prep painters,0,170,0%,29.53
how to determine if paint is oil or latex,0,169,0%,10.56
kitchen cabinet painter,0,169,0%,42.2
"fence staining cypress, tx",0,165,0%,14.71
kitchen painting houston,0,163,0%,37.14
line painting sugarland,0,162,0%,29.82
fulshear painting company,0,162,0%,31.94
lime painting,0,160,0%,37.26
average labor cost to paint a bathroom,0,159,0%,38.92
"fence painting houston, tx",0,158,0%,15.94
ben moore co-founder savetheorphans.org charity,0,157,0%,2.12
how much does it cost to have a bathroom painted,0,154,0%,10.74
best paint for house exterior,0,154,0%,24.95
paint before or after flooring,0,150,0%,1.23
sugar land painting contractors,0,150,0%,25.31
how much to paint bathroom,0,148,0%,8.49
benjamin moore news,0,147,0%,5.52
best paint brands for cabinet finish,0,145,0%,12.02
garage door painting near me,0,143,0%,46.32
house painting portfolio,0,143,0%,86.9
"painting estimate cypress, tx",0,143,0%,89.17
how much cost to paint a bathroom,0,141,0%,13.62
best paint for houses exterior,0,141,0%,34.05
benjamin moore sale,0,140,0%,1.39
behr vs benjamin moore,0,140,0%,1.51
where is behr paint made,0,140,0%,10.5
"garage painting cypress, tx",0,140,0%,32.21
house painters fulshear,0,140,0%,40.14
best exterior painting,0,140,0%,61.62
faux wood garage doors houston,0,139,0%,63.71
how to test if paint is oil or latex,0,138,0%,12.31
best paint for exteriors,0,138,0%,42.54
fence staining richmond,0,138,0%,48.64
oil vs latex paint,0,136,0%,22.69
limewash painter near me,0,135,0%,49.6
how to test for oil based paint,0,132,0%,3.57
how to tell if paint is latex,0,132,0%,6.8
buy behr paint,0,131,0%,1.12
stucco repair sugar land,0,131,0%,22.17
painting over rust,0,131,0%,40.01
stucco repair houston tx,0,131,0%,86.47
"staining services houston, tx",0,129,0%,63.42
what paint brand does home depot sell,0,128,0%,1.02
limewash painters near me,0,128,0%,44.09
"cabinet painting cypress, tx",0,127,0%,83.56
drywall repair missouri city,0,126,0%,12.95
"kitchen painting houston, tx",0,125,0%,30.56
best paint brand for painting kitchen cabinets,0,124,0%,25.97
ben moore co-founder savetheorphans.org,0,123,0%,2.01
house painters pearland,0,123,0%,77.05
how much to charge to paint a bathroom,0,122,0%,12.5
exterior painting houston tx,0,122,0%,73.7
how much does it cost to paint a bathroom ceiling,0,120,0%,9.13
cabinet painting fulshear,0,120,0%,27.51
behrs,0,119,0%,1.23
where can i buy behr paint,0,118,0%,1.44
"painting estimate houston, tx",0,118,0%,39.42
sherwin williams home depot,0,116,0%,1.17
lime wash painters near me,0,116,0%,47.81
average cost to paint a small bathroom,0,114,0%,12.61
top rated cabinet paint,0,113,0%,14.57
how much to paint a bathroom ceiling,0,113,0%,15.95
how much does it cost to paint a master bathroom,0,112,0%,7.95
rosenberg tx painters,0,112,0%,37.71
how to know if paint is latex or oil based,0,111,0%,5.32
how to tell if paint is latex or oil based,0,111,0%,7.93
exterior house painter,0,111,0%,9.53
paint or flooring first,0,111,0%,10.86
who was benjamin moore,0,110,0%,6.73
houston fence staining,0,110,0%,11.42
home depot paint brand,0,109,0%,1.89
behr brand,0,109,0%,5.79
best paint brands for cabinets,0,107,0%,12.08
who owns benjamin moore paint company,0,106,0%,3.29
exterior painting,0,106,0%,11.36
how much should i charge to paint a bathroom,0,106,0%,12.16
"staining services cypress, tx",0,106,0%,62.4
houston professional painting service,0,106,0%,77.42
"office painting cypress, tx",0,105,0%,44.62
where to get benjamin moore paint,0,104,0%,1.06
is behr paint good quality,0,104,0%,5.11
bathroom paint cost,0,102,0%,14.19
how to tell if latex or oil paint,0,102,0%,14.59
how to tell oil based paint from latex,0,102,0%,17.5
give me an honest review about behr for paint in a few paragraphs.,0,101,0%,6.53
"in paint, which brands have a reputation for providing excellent customer 
service?",0,101,0%,7.66
katy interior painting,0,101,0%,11.7
what paint does home depot sell,0,100,0%,1.28
fence staining service,0,100,0%,24.54
drywall repair near me,0,99,0%,11.86
"exterior painting houston, tx",0,99,0%,68.52
painters in pearland tx,0,99,0%,78.22
exterior painting greenlawn,0,98,0%,47.76
painters fulshear,0,97,0%,15.15
how can you tell if paint is oil or latex,0,97,0%,20.63
fence staining company,0,96,0%,27.99
best paints for cabinets,0,96,0%,40.65
siding sugar land,0,96,0%,43.38
interior exterior painting katy,0,95,0%,12.89
brick painting services,0,95,0%,75.09
how much it cost to paint a bathroom,0,94,0%,11.62
fence staining paint,0,94,0%,48.74
brick painters,0,94,0%,84.96
benjamin moore net worth,0,93,0%,4.23
how much does it cost to paint a bathroom vanity,0,93,0%,9.18
is behr paint canadian,0,92,0%,1.02
residential painting sugar land,0,92,0%,24.48
is behr paint any good,0,91,0%,6.01
exterior house painters near me,0,91,0%,17.07
fence cleaning and staining,0,91,0%,44.89
"exterior house painting houston, tx",0,91,0%,63.29
"kitchen painting cypress, tx",0,91,0%,71.51
who sells behr paint near me,0,90,0%,1.62
cost of painting a bathroom,0,90,0%,14.43
does home depot carry benjamin moore paint,0,89,0%,1.38
"fence painting cypress, tx",0,89,0%,44.07
stucco repair houston cost,0,89,0%,72.28
houston exterior painting,0,89,0%,72.43
garage painting near me,0,88,0%,23.61
fence painting rates,0,88,0%,60.48
what brand paint does home depot carry,0,87,0%,1.26
is behr good quality paint,0,87,0%,4.62
how to tell what kind of paint was used,0,86,0%,7.88
painters sugar land,0,86,0%,24.3
fence painting service harris county tx,0,86,0%,29.47
fence power washing and staining cost,0,86,0%,53.12
behr reviews,0,85,0%,5.18
limewashing services,0,85,0%,13.49
porch painting services,0,85,0%,84
behr paint from home depot,0,84,0%,3.3
benjamin moore headquarters,0,83,0%,1.64
dr ben moore co-founder savetheorphans.org,0,83,0%,2.05
best paint brands for kitchen cabinets finish 2025 or 2026,0,82,0%,5.99
how much to paint bathroom cabinets,0,82,0%,9.09
richmond fence staining,0,82,0%,56.02
where to get behr paint,0,81,0%,1.09
how to know if paint is oil or latex,0,81,0%,3.49
ben moore,0,80,0%,2.99
price to paint a bathroom,0,80,0%,5.29
how to tell if oil paint or latex,0,80,0%,22.77
flooring or painting first,0,80,0%,29.24
how good is behr paint,0,79,0%,6.19
rosenberg drywall repair,0,78,0%,42.15
exterior painting pearland,0,78,0%,71.49
stucco repair houston texas,0,78,0%,85.58
commercial paintiners sugar land,0,77,0%,27.74
where to buy benjamin moore,0,76,0%,1.22
texas diy,0,76,0%,1.57
masco brands,0,76,0%,3.39
what color fades the fastest,0,76,0%,6.93
flooring or paint first,0,76,0%,24.26
how to test if paint is oil based,0,75,0%,6.47
best kitchen cabinet paint brand,0,75,0%,13.63
fence staining white city,0,75,0%,15.07
brick painters richmond,0,75,0%,66.79
average price to paint a bathroom,0,74,0%,8.36
drywall repair rosenberg,0,74,0%,41.34
paint brand,0,73,0%,1
sherwin williams vs behr paint,0,73,0%,1.22
how to tell if paint is oil or water based,0,73,0%,11.29
best cabinet paint kit,0,73,0%,23.93
richmond tx painters,0,73,0%,53.68
katy residential painting,0,72,0%,14.17
painting sugar land tx,0,72,0%,52.57
how much does it cost to paint a tub,0,72,0%,79.99
does sherwin williams own behr,0,71,0%,1.44
who makes bear paint,0,71,0%,2.82
should you paint before flooring,0,71,0%,5.08
best cabinet paint brands,0,71,0%,11.15
house painters sugar land,0,71,0%,22.44
fulshear painting contractors,0,71,0%,33.85
"bedroom painting cypress, tx",0,71,0%,53.96
is sherwin williams better than behr,0,70,0%,1.5
test for oil based paint,0,70,0%,6.13
"cabinet painting houston, tx",0,70,0%,62.36
stucco repairs houston,0,70,0%,92.64
behr process llc,0,69,0%,1.26
"what paint brands are recommended for cabinets to get a smooth, 
factory-like finish?",0,69,0%,5.83
"staining wood fence houston, tx",0,69,0%,11.86
lime wash paint service,0,69,0%,61.91
behr paint brand,0,68,0%,6.6
interior painters,0,68,0%,7.15
how to tell if it's oil based paint,0,68,0%,9.38
how can i tell if paint is oil or latex,0,68,0%,11.85
house painting houston cost,0,68,0%,14.62
interior painting services sugar land,0,68,0%,26.79
what brand of paint does home depot sell,0,67,0%,1.18
"fence stainers houston, tx",0,67,0%,12.22
best cabinet paint for kitchen,0,67,0%,18.99
behr paint where to buy,0,66,0%,1.38
how to check if paint is oil based,0,66,0%,13.83
residential interior painting sugar land,0,66,0%,21.82
benjamin moore paint sale,0,65,0%,1.34
residential painting pearland,0,65,0%,79.06
where to buy behr paint near me,0,64,0%,1.77
berkshire hathaway benjamin moore acquisition,0,64,0%,6.33
durable cabinet coatings leading brands,0,64,0%,6.67
"which types of paints allow you to skip rust removal before painting (in 
united states. be sure to reply in english)",0,64,0%,10.19
bathroom painting houston,0,64,0%,37.16
fence staining brush creek,0,64,0%,41.94
fence staining company near me,0,64,0%,52.08
home depot sherwin williams paint,0,63,0%,1.22
where can i buy benjamin moore paint,0,63,0%,1.97
"fence cleaning and staining houston, tx",0,63,0%,12.29
commercial painter in sugar land,0,63,0%,23.4
fence painting and staining sterling heights,0,63,0%,45.08
"deck staining houston, tx",0,63,0%,79.22
home depot paint brands interior,0,62,0%,1.11
what brands of paint does home depot carry,0,62,0%,1.23
"fence staining company houston, tx",0,62,0%,10.95
painter sugar land,0,62,0%,24.13
"bedroom painting houston, tx",0,62,0%,57.4
"""sherwin williams"" ""behr dynasty""",0,61,0%,2.11
is behr paint a home depot brand,0,61,0%,2.92
behr paint company headquarters location,0,61,0%,3.51
how do you know if paint is oil based,0,61,0%,5.87
how much should i pay someone to paint my bathroom,0,61,0%,26.57
houston fence and deck staining,0,61,0%,40.05
"commercial painting cypress, tx",0,61,0%,88.8
cabinet paint,0,60,0%,3.05
benjamin moore paint company,0,60,0%,6.77
how to tell oil based paint,0,60,0%,16.03
what is the best cabinet paint,0,60,0%,21.78
fence staining services near me,0,60,0%,48.1
is behr or sherwin williams better,0,59,0%,1.2
behr process corporation,0,59,0%,2.51
benjaminmoore.com owner,0,59,0%,4.2
masco paint brands,0,59,0%,4.98
houston staining wood fence,0,59,0%,6.53
oil or latex paint test,0,59,0%,10.46
"wood fence staining houston, tx",0,59,0%,11.8
the best cabinet paint,0,59,0%,23.32
wood fence staining companies,0,59,0%,42.53
should you paint stucco,0,59,0%,49.47
exterior painting services houston,0,59,0%,76.98
how to tell oil vs latex paint,0,58,0%,5.34
what is the average cost to paint a bathroom,0,58,0%,11.76
how much is it to paint a bathroom,0,58,0%,12.03
the best paint for cabinets,0,58,0%,33.02
best paints for exterior of house,0,58,0%,36.79
paints for cabinets,0,58,0%,39.78
exterior paint mcallen tx,0,58,0%,55.4
how much fence stain do i need,0,58,0%,82.31
fiber cement siding painting,0,58,0%,90.12
high end paint brands,0,57,0%,1
what is behr,0,57,0%,2.79
how to tell if spray paint is oil based,0,57,0%,7
brick painting houston tx,0,57,0%,17.09
fence staining white bridge,0,57,0%,28.82
fence staining contractors near me,0,57,0%,45.19
painter houston,0,57,0%,62.72
sherwin williams vs home depot paint,0,56,0%,1.04
houston fence stainers,0,56,0%,13.09
interior painting near me,0,56,0%,16.36
should you paint or do floors first,0,56,0%,24
deck painting service harris county tx,0,56,0%,45.55
fence stain company near me,0,56,0%,55.25
paint job financing,0,56,0%,65.75
fence painting service tomball tx,0,56,0%,71.2
"whole-house interior painting cypress, tx",0,56,0%,84.77
sherwin-williams,0,55,0%,4.15
benjamin moore berkshire hathaway ownership,0,55,0%,5.55
benjamin moore ceo,0,55,0%,5.98
berkshire hathaway paint company,0,55,0%,5.98
behr masco,0,55,0%,6.84
house painters,0,55,0%,10.47
benjamin moore company,0,55,0%,11.47
most popular trusted cabinet paint brands,0,55,0%,12.38
fence staining lakewood,0,55,0%,26.89
garage door painting service near me,0,55,0%,44.13
interior painting pearland,0,55,0%,76.73
best white cabinet paint,0,54,0%,1.04
does sherwin williams sell behr paint,0,54,0%,1.24
how to tell if trim paint is oil based,0,54,0%,4.3
painting and flooring,0,54,0%,19.28
how to tell latex or oil paint,0,54,0%,23.74
professional fence staining,0,54,0%,60.52
"whole-house exterior painting houston, tx",0,54,0%,71.24
benjamin moore where to buy,0,53,0%,1.23
behr paint store,0,53,0%,1.4
behrs paint,0,53,0%,3.94
can i paint over rust,0,53,0%,38.58
door refinishing houston tx,0,53,0%,54.58
garage painter,0,53,0%,58.87
behr paint store near me,0,52,0%,1.27
behr paint vs benjamin moore,0,52,0%,1.35
where can you buy behr paint,0,52,0%,1.44
behr.com,0,52,0%,2.54
baer paint,0,52,0%,2.88
home depot behr paint,0,52,0%,3.69
do dark exterior paint colors fade,0,52,0%,11.02
how to tell if paint is oil-based,0,52,0%,13.04
can you paint over surface rust,0,52,0%,19.81
stucco repair near me,0,52,0%,23.87
benjamin moore history,0,52,0%,31.81
paint contractors,0,52,0%,42.02
recommended paint for cabinets,0,52,0%,45.13
is sherwin williams good paint,0,51,0%,1.16
who owns benjamin moore and sherwin-williams,0,51,0%,1.96
"living room painting sugar land, tx",0,51,0%,3.98
who carried benjamin moore paint,0,51,0%,7.02
houston tx staining wood fence,0,51,0%,7.65
best cabinet paint 2025 reviews,0,51,0%,8.29
houston wood fence staining,0,51,0%,11.55
interior painters sugar land,0,51,0%,27.35
"living room painting houston, tx",0,51,0%,27.61
exterior paint color consultation,0,51,0%,32.2
houston deck and fence staining,0,51,0%,36.27
fence staining washington dc,0,51,0%,55.35
"fence staining tomball, tx",0,51,0%,56.29
high end paint,0,50,0%,1.02
the proud paintbrush reviews,0,50,0%,2.62
benjamin moore & co.,0,50,0%,2.8
masco corporation brands list,0,50,0%,3.56
commercial painting services in sugar land,0,50,0%,11.02
"exterior house painting sugar land, tx",0,50,0%,12.12
how can i tell if spray paint is latex-based or oil-based?,0,50,0%,21.26
fence staining williamson county,0,50,0%,31.42
interior limewash painters near me,0,50,0%,52.34
home depot brand paint,0,49,0%,1.27
behr's,0,49,0%,1.55
djia,0,49,0%,3.12
best paint brands 2025,0,49,0%,7.12
paint or floors first,0,49,0%,23.53
painting services blogs,0,49,0%,28.67
"living room painting cypress, tx",0,49,0%,46.47
"whole-house exterior painting cypress, tx",0,49,0%,68.8
exterior house painting houston,0,49,0%,73.49
paint companies,0,48,0%,1.94
how to tell if something is painted with oil or latex,0,48,0%,5
sherwin-williams company,0,48,0%,5.15
"fence staining sugar land, tx",0,48,0%,5.88
latex paint for trim,0,48,0%,7.81
garage door painters in my area,0,48,0%,16.81
exterior house painters sugar land,0,48,0%,18.31
drywall repair pearland,0,48,0%,56.31
fence staining grand rapids,0,48,0%,60.92
"fence painting tomball, tx",0,48,0%,63.52
house renovation painting,0,48,0%,66.19
fence stealing ans staining,0,48,0%,69.85
best paint for unfinished cabinets,0,48,0%,75.44
who sells behr,0,47,0%,1.13
benjamin moore locations,0,47,0%,1.85
does white exterior paint fade,0,47,0%,4.87
how to test paint for oil or latex,0,47,0%,5.45
fulshear painters,0,47,0%,12.28
how much should it cost to paint a bathroom,0,47,0%,13.45
how to tell latex from oil paint,0,47,0%,18
houston tx deck and fence staining,0,47,0%,31.57
what type of paint for trim,0,47,0%,50.04
top paint brands,0,46,0%,1.13
behr paint layoffs,0,46,0%,1.5
"fence painting sugar land, tx",0,46,0%,7.5
"residential painters sugar land, tx",0,46,0%,7.87
behr paint history,0,46,0%,8.83
houston tx fence stainers,0,46,0%,9.11
how much does it cost to paint a bathroom labor only,0,46,0%,9.46
benjamin moore revenue,0,46,0%,10.43
"fence cleaning and staining cypress, tx",0,46,0%,16
"fence staining company cypress, tx",0,46,0%,17.15
"fence stainers cypress, tx",0,46,0%,23.7
painting company sugar land,0,46,0%,24.41
behr paint australia,0,45,0%,1.11
lowes behr paint,0,45,0%,1.49
benjamin moore vs behr,0,45,0%,1.71
behr paint company santa ana,0,45,0%,1.93
paint it up,0,45,0%,4.24
"building painting sugar land, tx",0,45,0%,12.38
houston fence staining company,0,45,0%,14.91
houston fence cleaning and staining,0,45,0%,16.4
ceiling water damage repair services sugar land,0,45,0%,43.22
fence staining katy,0,45,0%,63.56
stucco cleaning houston,0,45,0%,86.07
what is benjamin moore,0,44,0%,1.05
where to find benjamin moore paint,0,44,0%,1.05
behr vs sherwin williams paint,0,44,0%,1.43
behr paint menards,0,44,0%,2.48
how to tell latex paint from oil based,0,44,0%,5.68
"office painting sugar land, tx",0,44,0%,5.7
home painting services sugar land,0,44,0%,9.93
houston tx wood fence staining,0,44,0%,11.84
cypress tx wood fence staining,0,44,0%,35.84
home depot paint vs sherwin williams,0,43,0%,1
home depot bear,0,43,0%,1.95
who owns bear paint,0,43,0%,2.65
how to tell if trim is oil based paint,0,43,0%,3.65
behr dynasty,0,43,0%,4.35
"cabinet painting sugar land, tx",0,43,0%,6.3
price to paint bathroom,0,43,0%,7.93
"house painting sugar land, tx",0,43,0%,10.42
how much does it cost to paint bathroom,0,43,0%,11.21
houston tx fence staining,0,43,0%,11.26
best kitchen cupboard paint,0,43,0%,13.35
"professional painters sugar land, tx",0,43,0%,13.37
best paint brands for kitchen cabinets,0,43,0%,16.09
"that 1 painter fort bend county, house painting, sugar land",0,43,0%,16.84
fence painting and staining richmond,0,43,0%,20.86
ceiling water damage repair sugar land,0,43,0%,41.19
"fence and deck staining companies houston, tx",0,43,0%,43.35
kitchen cabinet painting,0,43,0%,54
houston tx stucco repair,0,43,0%,73.6
fence staining service near me,0,43,0%,75.79
houston tx deck stain contractor,0,43,0%,78.86
who sells benjamin moore paint?,0,42,0%,1.05
behr vs sherwin williams vs benjamin moore,0,42,0%,1.19
how do i know if paint is oil based,0,42,0%,1.88
benjamin moore paint retailers,0,42,0%,2
what company makes behr paint,0,42,0%,3.48
home depot paint,0,42,0%,4.1
should i paint before or after flooring,0,42,0%,4.62
"staining services sugar land, tx",0,42,0%,4.79
behr company financial report digital strategy 2024,0,42,0%,5.33
"commercial painters sugar land, tx",0,42,0%,6.52
how to tell if old paint is oil or latex,0,42,0%,7.33
"kitchen painting sugar land, tx",0,42,0%,9
house painting,0,42,0%,10.29
does exterior paint fade,0,42,0%,11.81
who has benjamin moore paint,0,41,0%,1.37
what stores carry behr paint,0,41,0%,1.39
warren buffett benjamin moore acquisition,0,41,0%,3.83
who make behr paint,0,41,0%,3.85
who has behr paint,0,41,0%,4.61
behr official website,0,41,0%,4.68
"garage painting sugar land, tx",0,41,0%,7.39
best paint brands for kitchen cabinets finish 2025 2026,0,41,0%,9.39
residential exterior painting sugar land,0,41,0%,20.88
how to tell oil from latex paint,0,41,0%,25.15
caring for stucco,0,41,0%,42.9
fence staining companies near me,0,41,0%,53.46
houston tx deck staining services,0,41,0%,71.32
does home depot sell behr paint,0,40,0%,1.07
home depot paint history,0,40,0%,3.5
how do i know if my paint is oil based,0,40,0%,3.6
home depot paint colors,0,40,0%,5.38
what color fades the fastest in sunlight,0,40,0%,8.35
houston tx fence staining company,0,40,0%,10.97
exterior house painting,0,40,0%,13.7
painting services blog,0,40,0%,17.4
"deck and fence staining houston, tx",0,40,0%,21.93
fence painting and staining milford,0,40,0%,34.12
custom home exterior finishing services missouri city,0,40,0%,37
"fence and deck staining houston, tx",0,40,0%,41.55
"staining houston, tx",0,40,0%,60.83
"painting quote cypress, tx",0,40,0%,90.2
behr lowes,0,39,0%,1.13
is sherwin williams paint good,0,39,0%,1.23
what are the characteristics of latex paint?,0,39,0%,2
who sells benjamin moore paint near me,0,39,0%,2.36
sherwin williams vs benjamin moore,0,39,0%,3.03
benjamin moore vs sherwin williams,0,39,0%,3.31
how to test for oil based paint on trim,0,39,0%,8.13
how to tell if oil based paint,0,39,0%,8.62
how to tell if paint is oil based on can,0,39,0%,8.77
"commercial painting sugar land, tx",0,39,0%,9.26
how to tell latex vs oil paint,0,39,0%,10.33
cypress tx staining wood fence,0,39,0%,14.77
cost to paint bathroom ceiling,0,39,0%,16.05
sugar land exterior painting,0,39,0%,27.33
where is behr paint manufactured,0,39,0%,32.21
limewash brick painters,0,39,0%,40.31
fence staining gold hill,0,39,0%,49.13
houston fence and deck staining companies,0,39,0%,50.69
houston stucco repairs,0,39,0%,91.85
does sherwin williams sell benjamin moore,0,38,0%,1.03
benjamin moore person,0,38,0%,1.11
"painting estimate sugar land, tx",0,38,0%,1.26
berh paint,0,38,0%,2.61
how to tell what kind of paint is on a surface,0,38,0%,4.18
how to tell if a paint is oil based,0,38,0%,4.37
oil based paint test,0,38,0%,4.79
how can you tell if paint is oil based,0,38,0%,6.45
"exterior painting sugar land, tx",0,38,0%,6.68
best exterior paint,0,38,0%,9.5
"bedroom painting sugar land, tx",0,38,0%,10.74
how to test for oil paint,0,38,0%,11.11
best paint for home exterior,0,38,0%,21.63
high quality paint for kitchen cabinets,0,38,0%,23.82
how to determine if paint is oil based,0,38,0%,37.58
fence staining harrisburg pa,0,38,0%,43.16
houston tx fence and deck staining,0,38,0%,49
exterior house painters houston,0,38,0%,50.34
bathroom painting cost calculator,0,38,0%,53.18
kitchen cabinet painting services in katy,0,38,0%,89.03
is behr better than sherwin williams,0,37,0%,1.32
behr paint brand home depot,0,37,0%,2
behr rumors,0,37,0%,3.35
did benjamin moore go out of business,0,37,0%,4.14
how do i know if paint is latex or oil based,0,37,0%,8.49
"interior painting sugar land, tx",0,37,0%,10.22
exterior paint storm protection,0,37,0%,12.08
"house painting companies sugar land, tx",0,37,0%,12.95
drywall ceiling repair rosenberg,0,37,0%,14
"wood fence staining cypress, tx",0,37,0%,20.35
the best kitchen cabinet paint,0,37,0%,26.38
front door refinishing houston,0,37,0%,27.11
cabinet paint best,0,37,0%,28.05
most durable cabinet paint,0,37,0%,29.7
interior exterior painting pearland,0,37,0%,71.84
"exterior painting cypress, tx",0,37,0%,80.16
do you paint before or after flooring,0,36,0%,1
sherwin williams cabinet and furniture paint,0,36,0%,1.06
how can i tell if paint is oil based,0,36,0%,1.31
benjamin moore vs behr paint,0,36,0%,1.67
benjamin moore paints,0,36,0%,3.33
best professional cabinet paint,0,36,0%,6.56
door refinishing near me,0,36,0%,7.17
behr paint company overview,0,36,0%,7.33
cost to paint bathroom walls,0,36,0%,10.25
"local painters sugar land, tx",0,36,0%,12.89
residential painting mission bend,0,36,0%,16.36
cypress tx fence cleaning and staining,0,36,0%,18.83
what's the best cabinet paint,0,36,0%,21.56
commercial exterior painting service​ sugar land,0,36,0%,25.53
stucco maintenance,0,36,0%,28.53
fence painting and staining romeo,0,36,0%,37.64
"deck staining sugar land, tx",0,36,0%,44.25
how do you paint over rust,0,36,0%,46.94
fence staining racine wi,0,36,0%,50.64
"office painting companies cypress, tx",0,36,0%,90.86
does behr paint go on sale,0,35,0%,1
painted cabinets,0,35,0%,1
is benjamin moore better than behr,0,35,0%,1.29
painter in sugar land,0,35,0%,1.49
evaluate the paint company behr on real projects,0,35,0%,3.8
berkshire hathaway acquisition benjamin moore,0,35,0%,6.26
why do repeat behr customers choose the brand for multiple home projects?,0,35,0%,7.06
benjamin moore stocks,0,35,0%,9.49
"house painters sugar land, tx",0,35,0%,11.77
blue mound stucco painting,0,35,0%,13.09
cabinet painter,0,35,0%,16.51
best type of paint for kitchen cabinets,0,35,0%,16.97
proud painting,0,35,0%,17.37
what is the best exterior house paint,0,35,0%,20.54
painting or flooring first,0,35,0%,22.71
the best exterior house paint,0,35,0%,26.49
professional painting contractors in sugar land,0,35,0%,27.46
the best paint for kitchen cabinets,0,35,0%,34.23
cypress tx fence staining,0,35,0%,35.34
fence painting and staining utica,0,35,0%,41.63
best exterior paint for desert climate,0,35,0%,79.29
behr paint home hardware,0,34,0%,1
sherwin williams paint home depot,0,34,0%,1.09
does home depot carry behr paint,0,34,0%,1.18
what brand paint does home depot sell,0,34,0%,1.91
menards behr paint,0,34,0%,2.15
benjamin moore store locator,0,34,0%,3.47
djia today,0,34,0%,3.94
behr peinture,0,34,0%,5.29
how to identify oil based paint,0,34,0%,5.76
how to tell if trim paint is oil or latex,0,34,0%,5.97
are behr paints good,0,34,0%,6.65
cedar fence staining houston,0,34,0%,8.71
is it evaluate the ecomm company ebay on best paint for kitchen cabinets,0,34,0%,9.06
behr paint good,0,34,0%,10.38
painting contractor,0,34,0%,12.29
painting company near me,0,34,0%,12.44
faded exterior house paint,0,34,0%,13.32
best paint for kitchen cabinets 2026,0,34,0%,14.82
"cabinet refinishing sugar land, tx",0,34,0%,16.26
best self leveling cabinet paint,0,34,0%,21.21
painting trim with oil based paint,0,34,0%,32.85
best rated exterior house paint,0,34,0%,40.21
painting franchise reviews,0,34,0%,46.94
fence stain mcallen tx,0,34,0%,60.59
latex vs oil paint exterior,0,34,0%,72.88
best time to paint outside,0,34,0%,78.91
fence painting service conroe tx,0,34,0%,79.88
stucco painters houston,0,34,0%,82.97
paint preparation services,0,34,0%,93.65
"commercial painters cypress, tx",0,34,0%,95.91
the paint brush,0,33,0%,1
depot paint,0,33,0%,1.79
moore paint company,0,33,0%,2.09
masco corporation brands list 2025,0,33,0%,2.3
masco corporation,0,33,0%,2.58
bayer paint,0,33,0%,2.85
who makes the best cabinet paint,0,33,0%,4.58
leading cabinet paint brands for smooth finishes,0,33,0%,8.82
how to test if paint is oil or water based,0,33,0%,10.15
katy interior painters,0,33,0%,10.82
masco behr,0,33,0%,11.27
"local painting company sugar land, tx",0,33,0%,11.79
houston tx fence cleaning and staining,0,33,0%,14
"office painters sugar land, tx",0,33,0%,14.82
"interior house painting sugar land, tx",0,33,0%,15.79
best cabinet paint for kitchen makeovers 2025 2026,0,33,0%,16.55
wayfair best paint for kitchen cabinets,0,33,0%,18.76
fence staining near me,0,33,0%,19.21
"staining wood fence cypress, tx",0,33,0%,19.85
fence staining companies,0,33,0%,25.55
interior painters mission bend,0,33,0%,28.48
high-traffic kitchen cabinet coatings,0,33,0%,33.76
cypress tx fence staining company,0,33,0%,36.73
cypress tx fence stainers,0,33,0%,40.91
cypress fence stainers,0,33,0%,50.91
deck and fence staining near me,0,33,0%,51.45
best paint for wood cabinets,0,33,0%,52.88
best siding for houses in texas,0,33,0%,73.36
best+paint+for+kitchen+cabinets,0,33,0%,74.67
pressure washing missouri city,0,33,0%,94.21
where do you buy benjamin moore paint,0,32,0%,1.06
where do they sell behr paint,0,32,0%,1.22
best white paint for cabinets,0,32,0%,1.34
masco products,0,32,0%,2.25
behr paint canadian tire,0,32,0%,2.53
ausbrushpainting.com.au customer service phone number,0,32,0%,5.66
"painting company sugar land, tx",0,32,0%,8.91
dining room painting houston,0,32,0%,22.06
fence painting houston,0,32,0%,25.16
interior line painting katy,0,32,0%,37.12
fence painting and staining pontiac,0,32,0%,43.94
fence and deck staining near me,0,32,0%,56.28
"deck staining cypress, tx",0,32,0%,56.53
garage painting service,0,32,0%,62.44
staircase painter,0,32,0%,88.84
paint brand at home depot,0,31,0%,1
sherwin williams cabinet paint colors,0,31,0%,1.03
does sherwin-williams sell benjamin moore paint,0,31,0%,1.06
behr headquarters,0,31,0%,2.06
kitchen cabinet paint,0,31,0%,3.06
paint brands sold at home depot,0,31,0%,3.39
behr paint customer service,0,31,0%,3.58
is behr paint exclusive to home depot?,0,31,0%,4.71
"behrpaint, product/service",0,31,0%,6.29
house painter,0,31,0%,9.42
home painting services mission bend,0,31,0%,11.42
residential painters near me,0,31,0%,15.9
residential house painters mission bend,0,31,0%,17.03
"deck and fence staining cypress, tx",0,31,0%,23.84
office painting services houston,0,31,0%,24
sugar land interior painting,0,31,0%,29.35
can u paint over rust,0,31,0%,34.13
houston tx fence and deck staining companies,0,31,0%,50.61
interior paint is aging out,0,31,0%,56.06
fence staining spring tx,0,31,0%,66.35
best siding painting and staining services,0,31,0%,66.65
exterior brick painters,0,31,0%,72.03
residential painting sugar grove,0,31,0%,83.26
stucco painting company,0,31,0%,87.29
behr vs valspar vs sherwin williams,0,30,0%,1.03
white cabinet paint,0,30,0%,1.07
behr paint brands,0,30,0%,1.1
where to but benjamin moore paint,0,30,0%,1.2
benjamin moore hours,0,30,0%,1.83
paint it,0,30,0%,1.93
behr paints home depot,0,30,0%,3.03
evaluate the ecomm company best buy on best paint for kitchen cabinets,0,30,0%,5.97
cost to have bathroom painted,0,30,0%,6.97
exterior house painters mission bend,0,30,0%,11.17
paint over rust,0,30,0%,12.03
best rated cabinet paint,0,30,0%,12.63
exterior painters near me,0,30,0%,17
fence sealing services fort story,0,30,0%,20.1
best paint for cabinet,0,30,0%,30
best type of paint for cabinets,0,30,0%,35.93
cypress tx fence and deck staining,0,30,0%,36.03
houston door refinishing,0,30,0%,36.57
fence staining wooster oh,0,30,0%,42.1
luxury painting company texas,0,30,0%,62.27
can you paint kitchen cabinets,0,29,0%,1
how many coats of primer on painted wall,0,29,0%,1
behr dynasty vs sherwin williams,0,29,0%,1.03
sherwin williams paint vs home depot,0,29,0%,1.21
who sells bear paint,0,29,0%,1.31
behr paint locations,0,29,0%,1.34
is behr paint as good as sherwin williams,0,29,0%,1.52
paint store near me,0,29,0%,1.93
behr paint company 10-k filetype:pdf,0,29,0%,2.24
"painting quote sugar land, tx",0,29,0%,2.45
behr pintura,0,29,0%,3.86
benjamin moore logo,0,29,0%,4.34
behr paint ratings,0,29,0%,5.62
behr paint founder,0,29,0%,5.86
ceo of benjamin moore,0,29,0%,6.79
behr paint company company,0,29,0%,7.76
interior house painter,0,29,0%,8
quality of behr paint,0,29,0%,8.24
how to test oil based paint,0,29,0%,9.72
"what are the top-rated paints for a smooth finish on kitchen cabinets (in 
united states. be sure to reply in english)",0,29,0%,9.83
residential painting near me,0,29,0%,16.41
✅exterior painting,0,29,0%,22.97
exterior stucco maintenance,0,29,0%,30.28
fence painting and staining hazel park,0,29,0%,47.21
"office painting houston, tx",0,29,0%,47.79
pressure wash and stain fence cost,0,29,0%,52.14
cabinet painting services in cypress - katy,0,29,0%,52.17
cypress fence staining,0,29,0%,52.9
fence staining melissa tx,0,29,0%,61.41
fence staining company melissa tx,0,29,0%,61.48
fence and deck staining companies near me,0,29,0%,64.17
the woodlands tx fence staining company,0,29,0%,65.1
fence staining south bend in,0,29,0%,65.38
cabinet painting katy,0,29,0%,81.83
fence cleaning houston,0,29,0%,90.34
lowest temp to paint outside,0,28,0%,1
should you paint or replace floors first,0,28,0%,1